pageid,ns,title
2322,0,5YearAnniversaryBritishBlackthorn
2321,0,AMA 5Year
1878,0,Abyss
3582,0,Accounts
3315,0,Achievements System
1421,0,Add More!
1724,0,Alchemist
28,0,Alchemy
73,0,Anatomy
188,0,Animal Lore
205,0,Animal Taming
2036,0,Ankh
2932,0,Antique of the Artisan
17,0,Archery
3703,0,Archway
1393,0,Armor
2253,0,Armor Modifiers
1745,0,Armorer
1750,0,Armorsmith
189,0,ArmsLore
23,0,Arms Lore
2929,0,Arrow
2928,0,Arrows
2040,0,Asylum
2744,0,Auction
2746,0,Auction house
1617,0,Backpack
1725,0,Baker
1521,0,Bandages
1726,0,Bank
3476,0,Bank Storage Increase Deed
1727,0,Bard
2474,0,Barding
1752,0,Barkeeper
1757,0,Beekeeper
1458,0,Begging
2313,0,Bent rod
2434,0,Bestiary
1728,0,Blacksmith
12,0,Blacksmithing
2177,0,Blacksmithing BOD Rewards
2673,0,Blessed
2930,0,Bolt
2931,0,Bolts
3666,0,Bomberman
2676,0,Bones To Pick
2055,0,Booty Island
2190,0,Booty Island Dungeon
3120,0,Bosses
1686,0,Bounty System
1747,0,Bowcraft
1755,0,Brewer
1405,0,Britain
2270,0,Britain Crafting Area
172,0,Britain Sewers
1704,0,Britannia
1404,0,Buccaneer's Den
1526,0,Bulk Order Deed
1729,0,Butcher
1687,0,Butler
3569,0,Butler increase deed
1465,0,Camping
2675,0,Candle of Forgiveness
1554,0,Cannon Balls
1553,0,Cannons
3198,0,Captcha
1623,0,Capture The Flag
1730,0,Carpenter
30,0,Carpentry
1469,0,Cartography
3736,0,Celebration Cake
3123,0,Champion
224,0,Champion Spawns
3121,0,Champion bosses
3122,0,Champions
207,0,Commonly Stocked PvP Supplies
2363,0,Community Auction
3643,0,Community Island
1677,0,Companions
127,0,Conquest System
2271,0,Consumable Perks
3744,0,Container
3485,0,Container Engraving Tool
3743,0,Containers
1811,0,Control Point
1812,0,Control Points
196,0,Controlling Pets
1754,0,Cook
32,0,Cooking
1397,0,Cove
171,0,Covetous
44,0,Crafting
46,0,Crystal Workbench
133,0,Custom Housing
158,0,Deceit
3747,0,Deco tool
3748,0,Deco tools
3511,0,Decorator Tools
3489,0,Deed Storage Shelf
1942,0,Defiled Crypt
170,0,Delucia Passageway
169,0,Despise
157,0,Destard
1459,0,Detect Hidden
193,0,Dexterity
3280,0,Dimensional Archway
1524,0,Disarm
1964,0,Discord
18,0,Discordance
2007,0,Donation Coin
2732,0,Donations (Overdrive)
3,0,Download
1631,0,Download & Installation
2839,0,Dragon Mastery
1382,0,Duel Pits
2743,0,Dungeon
2082,0,Dungeon Altars
2081,0,Dungeon Bosses
20,0,Dungeon Cloth
3119,0,Dungeon boss
2742,0,Dungeons
2745,0,Dungoen
3118,0,Dungoen boss
3545,0,Dye Tub
3705,0,Dyetub
134,0,Escorts
1875,0,Ethereal Mounts Vendor
75,0,Evaluate Intelligence
1749,0,Evaluating Intelligence
1701,0,Event Templates
2018,0,Exodus
1824,0,Exotic Item Vendor
1668,0,Expansions
1689,0,Factions
1756,0,Farmer
14,0,Fencing
168,0,Fire Dungeon
1731,0,Fisher
1470,0,Fishing
2282,0,Flagging
1732,0,Fletcher
34,0,Fletching
3714,0,Forensic
1466,0,Forensic Evaluation
3713,0,Forensics
3712,0,Forensics Evaluation
1543,0,Galleons
2747,0,Gardening
1594,0,Gate Travel
3482,0,Gem storage box
2912,0,Glass blower
1556,0,Grappling Hook
2025,0,Grinch's Grotto
1939,0,Grotto
1945,0,Handouts
1733,0,Healer
77,0,Healing
1419,0,Hedge Maze
4,0,Help
79,0,Herding
1460,0,Hiding
1602,0,Hit Points
2382,0,Holiday Festivals
2086,0,Holiday Monsters
2228,0,House Decay
3815,0,House Instance Clearer
3478,0,Housing Butler Increase Deed
135,0,How to Prepare Yourself and Survive a PK Attack
159,0,Hythloth
177,0,IceDungeon
160,0,Ice Dungeon
3472,0,Identifying Sorting Crate
3715,0,Identifying Sorting Shelf
2876,0,Idol of Forbidden Magic
3136,0,Idol of forbidden magic
1723,0,Infestations
1538,0,Ingots
1734,0,Inn
24,0,Inscription
1451,0,Instruments
192,0,Intelligence
2080,0,Invasions
1523,0,Item Identification
3138,0,Item id
3140,0,Item id scroll
3139,0,Item identification
1735,0,Jeweler
1406,0,Jhelom
1614,0,Journal
3651,0,Jousting
1656,0,Keith
161,0,Khaldun
2312,0,Layering
49,0,Legendary Crafting - Starting Out
45,0,Legendary Crafting System
57,0,Legendary Hammer
1461,0,Lockpicking
83,0,Lockpicking Guide
36,0,Lumberjacking
1746,0,Mace Fighting
15,0,Macing
1736,0,Mage
10,0,Magery
2915,0,Magery Spells
1407,0,Magincia
1,0,Main Page
1518,0,Mana
1737,0,Mapmaker
1598,0,Mark
1453,0,Meditation
1394,0,Melee Damage
2762,0,Mesozoic Lands
2103,0,Message in a Bottle
3132,0,Message in bottle
2842,0,Meta Pet
1675,0,Meta Pets
1683,0,Meta Talismans
3078,0,Meta talisman
3131,0,Mib
3130,0,Mibs
3702,0,Militia
2318,0,Militias
1471,0,Mining
1408,0,Minoc
210,0,Mob Dropped Rares
2343,0,Monster Contracts
1984,0,Monster of the Month
2009,0,Monster of the Month Vendor
2648,0,Monster of the Week
2341,0,Montor
1722,0,Moonglow
2484,0,Moonlgow
19,0,Musicianship
1541,0,Naval Warfare Reborn
2609,0,New Player Guide
2766,0,No Cut Zones
1418,0,Nujel'm
1411,0,Ocllo
1693,0,Options
208,0,Orange Petals
1908,0,Orc Cave
166,0,Orc Mines
2629,0,Overdrive
1607,0,Paperdoll
3127,0,Paragon
1786,0,Paragon Chests
3128,0,Paragon chest
3129,0,Paragon chests
1681,0,Paragons
1454,0,Parrying
1612,0,Party
2323,0,Patch-notes
21,0,Peacemaking
1586,0,Pets
1877,0,Pirate
1785,0,Platinum
1760,0,Platinum Vendor
2315,0,Player Killing
3784,0,Player Vendors
38,0,Poisoning
1516,0,Potions
3474,0,Power Scroll Bookshelf
3549,0,Power Scroll Storage Bookshelf
211,0,Power Scrolls
3706,0,Power scroll
3708,0,Powerscroll
3707,0,Powerscrolls
2342,0,Protecting Your Pets
1738,0,Provisioner
68,0,Provocation
2730,0,PvP (Overdrive)
2316,0,PvP Intro
1947,0,RDA
2232,0,Raffles
1946,0,Random Dungeon Adventure
2241,0,Rares
273,0,Razor
1517,0,Reagents
1592,0,Recall
1462,0,Remove Trap
1456,0,Resisting Spells
1539,0,Resurrect
2834,0,Rideable Dragon
2394,0,Rifts
2672,0,Ring of Forgiveness
1596,0,Rune
1590,0,Runebook
215,0,Runic Hammer
2570,0,Runic Sewing Kit
1655,0,Sallos
1739,0,Scribe
2740,0,Seasonal Dungeons
1412,0,Serpent's Hold
2317,0,Server Advertising
136,0,Server Commands
167,0,Shame
1550,0,Ship Commands
1555,0,Ship Repair Kit
1577,0,Ship Rune
1549,0,Ship Upgrades
206,0,Ships
1740,0,Shipwright
1810,0,Sigil
1413,0,Skara Brae
2314,0,Skill Gain
213,0,Skill Scroll
42,0,Skills
217,0,Slayer Armor
2320,0,Slayer Deeds
3480,0,Slayer Spellbook Storage Bookshelf
195,0,Slayer Types
1463,0,Snooping
3133,0,Sos
1571,0,Special Fishing Net
1948,0,Special Hair Dye
1525,0,Special Moves
1914,0,Spider Cave
1457,0,Spirit Speak
1540,0,Stable
1601,0,Stamina
2059,0,Starter Pack
2067,0,Stats
1610,0,Status
2305,0,Staying Safe in Sosaria
16,0,Stealing
1464,0,Stealth
1758,0,Stone crafter
191,0,Strength
1519,0,Stun
2523,0,Swamp Dragon Armor
13,0,Swordsmanship
1528,0,Tactics
1741,0,Tailor
9,0,Tailoring
2104,0,Tailoring BOD Rewards
237,0,Tameables
1748,0,Tanner
1467,0,Taste Identification
1742,0,Tavern
1753,0,Tavern keeper
1520,0,Template
1658,0,Templates
164,0,Terathan Keep
175,0,The Abyss
165,0,The Grotto
2729,0,Thief Protection Guide
2275,0,Thieves Guild
1743,0,Tinker
1426,0,Tinker Trapped Boxes
40,0,Tinkering
118,0,Titles and Hues Guide
3124,0,Tmap
3126,0,Tmaps
1468,0,Tracking
1476,0,Treasure Map
3125,0,Treasure maps
1414,0,Trinsic
2615,0,Troubleshooting UOForever Client
1813,0,True Britannians
1644,0,UOSteam
2319,0,UO Automap
1808,0,Unique Wares Vendor
2718,0,User Interface
1941,0,Vengeance
1415,0,Vesper
81,0,Veterinary
1751,0,Waiter
3135,0,Water stained sos
1420,0,Waterfall
3134,0,Waterstained sos
216,0,Weapon Modifiers
8,0,Weapons
1744,0,Weaponsmith
1835,0,Wearables Vendor
1576,0,Whirlpool
162,0,Wind
1584,0,Wood
1402,0,World Map
1455,0,Wrestling
156,0,Wrong
1416,0,Yew
173,0,Young Player Dungeon
1678,0,Young Player Status
2671,0,Young Player Ticket
2903,0,ZombieLand
2353,0,Zombie Land
